date,revenue,txns,units,aov,dow,month,week,expected_revenue,residual,robust_z_revenue,robust_z_residual
2023-01-01,3600,3,10,1200.0,Sunday,2023-01,2022-12-26/2023-01-01,1162.0,2438.0,2.1686455696202533,2.8549643892339542
2023-01-02,1765,4,10,441.25,Monday,2023-01,2023-01-02/2023-01-08,1965.0,-200.0,0.6019272151898734,-0.09216770186335405
2023-01-03,600,1,2,600.0,Tuesday,2023-01,2023-01-02/2023-01-08,1365.0,-765.0,-0.39274683544303796,-0.7233768115942029
2023-01-04,1240,3,8,413.3333333333333,Wednesday,2023-01,2023-01-02/2023-01-08,523.3333333333334,716.6666666666666,0.15368354430379746,0.9319178743961352
2023-01-05,1100,3,5,366.6666666666667,Thursday,2023-01,2023-01-02/2023-01-08,1233.3333333333333,-133.33333333333326,0.03415189873417722,-0.017688750862663822
2023-01-06,620,2,5,310.0,Friday,2023-01,2023-01-02/2023-01-08,727.5,-107.5,-0.37567088607594934,0.01117184265010352
2023-01-07,150,2,6,75.0,Saturday,2023-01,2023-01-02/2023-01-08,1202.5,-1052.5,-0.7769556962025316,-1.0445672877846792
2023-01-08,625,2,3,312.5,Sunday,2023-01,2023-01-02/2023-01-08,1162.0,-537.0,-0.37140189873417717,-0.4686587991718426
2023-01-09,200,1,4,200.0,Monday,2023-01,2023-01-09/2023-01-15,1965.0,-1765.0,-0.73426582278481,-1.8405610766045548
2023-01-10,230,2,5,115.0,Tuesday,2023-01,2023-01-09/2023-01-15,1365.0,-1135.0,-0.7086518987341772,-1.1367349896480332
2023-01-11,280,3,10,93.33333333333333,Wednesday,2023-01,2023-01-09/2023-01-15,523.3333333333334,-243.33333333333337,-0.6659620253164558,-0.14057902001380268
2023-01-13,1930,4,11,482.5,Friday,2023-01,2023-01-09/2023-01-15,727.5,1202.5,0.7428037974683543,1.4746832298136647
2023-01-14,1550,4,10,387.5,Saturday,2023-01,2023-01-09/2023-01-15,1202.5,347.5,0.41836075949367085,0.5194906832298136
2023-01-15,660,3,7,220.0,Sunday,2023-01,2023-01-09/2023-01-15,1162.0,-502.0,-0.34151898734177216,-0.42955734989648037
2023-01-16,4000,2,8,2000.0,Monday,2023-01,2023-01-16/2023-01-22,1965.0,2035.0,2.5101645569620255,2.4047391304347823
2023-01-17,1645,4,8,411.25,Tuesday,2023-01,2023-01-16/2023-01-22,1365.0,280.0,0.49947151898734177,0.4440807453416149
2023-01-19,30,1,1,30.0,Thursday,2023-01,2023-01-16/2023-01-22,1233.3333333333333,-1203.3333333333333,-0.8794113924050633,-1.2130759144237404
2023-01-20,125,2,4,62.5,Friday,2023-01,2023-01-16/2023-01-22,727.5,-602.5,-0.7983006329113924,-0.5418343685300206
2023-01-21,2090,3,7,696.6666666666666,Saturday,2023-01,2023-01-16/2023-01-22,1202.5,887.5,0.8794113924050633,1.1227701863354036
2023-01-22,325,2,2,162.5,Sunday,2023-01,2023-01-16/2023-01-22,1162.0,-837.0,-0.6275411392405064,-0.8038140786749483
2023-01-23,3120,3,10,1040.0,Monday,2023-01,2023-01-23/2023-01-29,1965.0,1155.0,1.7588227848101265,1.4216169772256728
2023-01-24,2250,3,11,750.0,Tuesday,2023-01,2023-01-23/2023-01-29,1365.0,885.0,1.0160189873417722,1.1199772256728777
2023-01-25,50,1,1,50.0,Wednesday,2023-01,2023-01-23/2023-01-29,523.3333333333334,-473.33333333333337,-0.8623354430379747,-0.3975314009661836
2023-01-26,2570,4,11,642.5,Thursday,2023-01,2023-01-23/2023-01-29,1233.3333333333333,1336.6666666666667,1.2892341772151898,1.6245721187025535
2023-01-27,235,3,9,78.33333333333333,Friday,2023-01,2023-01-23/2023-01-29,727.5,-492.5,-0.704382911392405,-0.418944099378882
2023-01-28,1020,3,7,340.0,Saturday,2023-01,2023-01-23/2023-01-29,1202.5,-182.5,-0.03415189873417722,-0.07261697722567288
2023-01-29,600,1,2,600.0,Sunday,2023-01,2023-01-23/2023-01-29,1162.0,-562.0,-0.39274683544303796,-0.49658840579710145
2023-01-30,740,4,9,185.0,Monday,2023-01,2023-01-30/2023-02-05,1965.0,-1225.0,-0.27321518987341775,-1.2372815734989648
2023-01-31,2100,3,9,700.0,Tuesday,2023-01,2023-01-30/2023-02-05,1365.0,735.0,0.8879493670886076,0.9523995859213251
2023-02-01,4700,3,11,1566.6666666666667,Wednesday,2023-02,2023-01-30/2023-02-05,1808.3333333333333,2891.666666666667,3.1078227848101263,3.361793650793651
2023-02-02,1375,3,8,458.3333333333333,Thursday,2023-02,2023-01-30/2023-02-05,726.25,648.75,0.2689462025316456,0.8560424430641821
2023-02-03,1230,2,5,615.0,Friday,2023-02,2023-01-30/2023-02-05,3055.0,-1825.0,0.14514556962025316,-1.907592132505176
2023-02-04,1120,2,6,560.0,Saturday,2023-02,2023-01-30/2023-02-05,1721.25,-601.25,0.05122784810126582,-0.5404378881987578
2023-02-05,1805,8,20,225.625,Sunday,2023-02,2023-01-30/2023-02-05,1095.0,710.0,0.6360791139240506,0.9244699792960662
2023-02-06,625,4,8,156.25,Monday,2023-02,2023-02-06/2023-02-12,1795.0,-1170.0,-0.37140189873417717,-1.1758364389233955
2023-02-07,2100,4,10,525.0,Tuesday,2023-02,2023-02-06/2023-02-12,1266.25,833.75,0.8879493670886076,1.0627215320910972
2023-02-08,425,4,13,106.25,Wednesday,2023-02,2023-02-06/2023-02-12,1808.3333333333333,-1383.3333333333333,-0.5421613924050633,-1.4141690821256039
2023-02-09,600,1,2,600.0,Thursday,2023-02,2023-02-06/2023-02-12,726.25,-126.25,-0.39274683544303796,-0.009775362318840578
2023-02-10,1900,3,6,633.3333333333334,Friday,2023-02,2023-02-06/2023-02-12,3055.0,-1155.0,0.7171898734177216,-1.15907867494824
2023-02-11,2215,5,12,443.0,Saturday,2023-02,2023-02-06/2023-02-12,1721.25,493.75,0.9861360759493671,0.6828788819875776
2023-02-12,500,1,1,500.0,Sunday,2023-02,2023-02-06/2023-02-12,1095.0,-595.0,-0.478126582278481,-0.5334554865424431
2023-02-13,3600,4,11,900.0,Monday,2023-02,2023-02-13/2023-02-19,1795.0,1805.0,2.1686455696202533,2.1477867494824014
2023-02-14,400,2,3,200.0,Tuesday,2023-02,2023-02-13/2023-02-19,1266.25,-866.25,-0.5635063291139241,-0.836491718426501
2023-02-16,900,1,3,900.0,Thursday,2023-02,2023-02-13/2023-02-19,726.25,173.75,-0.13660759493670888,0.325379917184265
2023-02-17,5890,6,21,981.6666666666666,Friday,2023-02,2023-02-13/2023-02-19,3055.0,2835.0,4.1238417721518985,3.2984865424430643
2023-02-18,1000,1,2,1000.0,Saturday,2023-02,2023-02-13/2023-02-19,1721.25,-721.25,-0.05122784810126582,-0.6745
2023-02-19,2025,2,5,1012.5,Sunday,2023-02,2023-02-13/2023-02-19,1095.0,930.0,0.8239145569620253,1.1702505175983435
2023-02-20,1130,3,7,376.6666666666667,Monday,2023-02,2023-02-20/2023-02-26,1795.0,-665.0,0.05976582278481012,-0.6116583850931677
2023-02-21,385,3,4,128.33333333333334,Tuesday,2023-02,2023-02-20/2023-02-26,1266.25,-881.25,-0.5763132911392405,-0.8532494824016562
2023-02-22,300,5,12,60.0,Wednesday,2023-02,2023-02-20/2023-02-26,1808.3333333333333,-1508.3333333333333,-0.6488860759493671,-1.5538171152518978
2023-02-23,30,1,1,30.0,Thursday,2023-02,2023-02-20/2023-02-26,726.25,-696.25,-0.8794113924050633,-0.6465703933747412
2023-02-24,3200,4,12,800.0,Friday,2023-02,2023-02-20/2023-02-26,3055.0,145.0,1.827126582278481,0.2932608695652174
2023-02-25,2550,4,9,637.5,Saturday,2023-02,2023-02-20/2023-02-26,1721.25,828.75,1.2721582278481012,1.0571356107660457
2023-02-26,50,1,2,50.0,Sunday,2023-02,2023-02-20/2023-02-26,1095.0,-1045.0,-0.8623354430379747,-1.0361884057971014
2023-02-27,1825,4,9,456.25,Monday,2023-02,2023-02-27/2023-03-05,1795.0,30.0,0.6531550632911391,0.16478467908902691
2023-02-28,2180,4,11,545.0,Tuesday,2023-02,2023-02-27/2023-03-05,1266.25,913.75,0.956253164556962,1.1520962732919255
2023-03-01,460,3,7,153.33333333333334,Wednesday,2023-03,2023-02-27/2023-03-05,675.0,-215.0,-0.5122784810126582,-0.10892546583850932
2023-03-02,300,1,1,300.0,Thursday,2023-03,2023-02-27/2023-03-05,912.5,-612.5,-0.6488860759493671,-0.5530062111801243
2023-03-03,970,5,15,194.0,Friday,2023-03,2023-02-27/2023-03-05,734.0,236.0,-0.07684177215189873,0.3949246376811594
2023-03-04,1000,1,2,1000.0,Saturday,2023-03,2023-02-27/2023-03-05,1186.25,-186.25,-0.05122784810126582,-0.07680641821946169
2023-03-05,420,2,5,210.0,Sunday,2023-03,2023-02-27/2023-03-05,611.25,-191.25,-0.5464303797468355,-0.08239233954451346
2023-03-06,625,4,14,156.25,Monday,2023-03,2023-03-06/2023-03-12,1116.25,-491.25,-0.37140189873417717,-0.417547619047619
2023-03-07,3040,4,12,760.0,Tuesday,2023-03,2023-03-06/2023-03-12,2213.3333333333335,826.6666666666665,1.690518987341772,1.0548081435472738
2023-03-08,25,1,1,25.0,Wednesday,2023-03,2023-03-06/2023-03-12,675.0,-650.0,-0.8836803797468354,-0.5949006211180125
2023-03-09,1200,3,11,400.0,Thursday,2023-03,2023-03-06/2023-03-12,912.5,287.5,0.11953164556962025,0.4524596273291926
2023-03-10,175,2,4,87.5,Friday,2023-03,2023-03-06/2023-03-12,734.0,-559.0,-0.7556107594936708,-0.4932368530020704
2023-03-11,500,1,1,500.0,Saturday,2023-03,2023-03-06/2023-03-12,1186.25,-686.25,-0.478126582278481,-0.6353985507246377
2023-03-12,525,2,2,262.5,Sunday,2023-03,2023-03-06/2023-03-12,611.25,-86.25,-0.45678164556962025,0.0349120082815735
2023-03-13,300,3,9,100.0,Monday,2023-03,2023-03-13/2023-03-19,1116.25,-816.25,-0.6488860759493671,-0.7806325051759834
2023-03-15,1000,1,2,1000.0,Wednesday,2023-03,2023-03-13/2023-03-19,675.0,325.0,-0.05122784810126582,0.49435403726708077
2023-03-17,1075,3,10,358.3333333333333,Friday,2023-03,2023-03-13/2023-03-19,734.0,341.0,0.012806962025316455,0.5122289855072464
2023-03-18,1620,2,7,810.0,Saturday,2023-03,2023-03-13/2023-03-19,1186.25,433.75,0.478126582278481,0.6158478260869565
2023-03-19,80,2,3,40.0,Sunday,2023-03,2023-03-13/2023-03-19,611.25,-531.25,-0.8367215189873417,-0.4622349896480331
2023-03-20,2950,5,16,590.0,Monday,2023-03,2023-03-20/2023-03-26,1116.25,1833.75,1.6136772151898735,2.179905797101449
2023-03-21,3500,4,13,875.0,Tuesday,2023-03,2023-03-20/2023-03-26,2213.3333333333335,1286.6666666666665,2.08326582278481,1.5687129054520357
2023-03-22,1390,5,11,278.0,Wednesday,2023-03,2023-03-20/2023-03-26,675.0,715.0,0.28175316455696203,0.930055900621118
2023-03-23,1950,4,12,487.5,Thursday,2023-03,2023-03-20/2023-03-26,912.5,1037.5,0.759879746835443,1.2903478260869565
2023-03-24,250,2,5,125.0,Friday,2023-03,2023-03-20/2023-03-26,734.0,-484.0,-0.6915759493670887,-0.409448033126294
2023-03-25,1625,4,6,406.25,Saturday,2023-03,2023-03-20/2023-03-26,1186.25,438.75,0.48239556962025315,0.6214337474120083
2023-03-26,1420,3,10,473.3333333333333,Sunday,2023-03,2023-03-20/2023-03-26,611.25,808.75,0.30736708860759493,1.0347919254658384
2023-03-27,590,2,4,295.0,Monday,2023-03,2023-03-27/2023-04-02,1116.25,-526.25,-0.40128481012658224,-0.4566490683229813
2023-03-28,100,1,2,100.0,Tuesday,2023-03,2023-03-27/2023-04-02,2213.3333333333335,-2113.3333333333335,-0.8196455696202531,-2.229713595583161
2023-03-29,500,1,1,500.0,Wednesday,2023-03,2023-03-27/2023-04-02,675.0,-175.0,-0.478126582278481,-0.06423809523809523
2023-03-30,200,1,4,200.0,Thursday,2023-03,2023-03-27/2023-04-02,912.5,-712.5,-0.73426582278481,-0.6647246376811594
2023-03-31,1200,1,4,1200.0,Friday,2023-03,2023-03-27/2023-04-02,734.0,466.0,0.11953164556962025,0.6518770186335403
2023-04-01,4400,3,12,1466.6666666666667,Saturday,2023-04,2023-03-27/2023-04-02,1947.0,2453.0,2.8516835443037976,2.8717221532091095
2023-04-02,2600,4,11,650.0,Sunday,2023-04,2023-03-27/2023-04-02,1639.0,961.0,1.3148481012658229,1.2048832298136647
2023-04-04,1620,3,7,540.0,Tuesday,2023-04,2023-04-03/2023-04-09,582.5,1037.5,0.478126582278481,1.2903478260869565
2023-04-05,2100,2,7,1050.0,Wednesday,2023-04,2023-04-03/2023-04-09,1671.25,428.75,0.8879493670886076,0.6102619047619048
2023-04-06,1200,1,4,1200.0,Thursday,2023-04,2023-04-03/2023-04-09,1591.25,-391.25,0.11953164556962025,-0.30582919254658386
2023-04-08,2450,5,15,490.0,Saturday,2023-04,2023-04-03/2023-04-09,1947.0,503.0,1.1867784810126583,0.6932128364389234
2023-04-09,2235,6,13,372.5,Sunday,2023-04,2023-04-03/2023-04-09,1639.0,596.0,1.0032120253164558,0.7971109730848861
2023-04-10,60,2,2,30.0,Monday,2023-04,2023-04-10/2023-04-16,85.0,-25.0,-0.8537974683544304,0.10333954451345756
2023-04-11,50,1,2,50.0,Tuesday,2023-04,2023-04-10/2023-04-16,582.5,-532.5,-0.8623354430379747,-0.4636314699792961
2023-04-12,1590,5,13,318.0,Wednesday,2023-04,2023-04-10/2023-04-16,1671.25,-81.25,0.45251265822784814,0.04049792960662526
2023-04-13,360,3,8,120.0,Thursday,2023-04,2023-04-10/2023-04-16,1591.25,-1231.25,-0.5976582278481012,-1.2442639751552795
2023-04-15,700,2,5,350.0,Saturday,2023-04,2023-04-10/2023-04-16,1947.0,-1247.0,-0.30736708860759493,-1.2618596273291927
2023-04-16,300,1,1,300.0,Sunday,2023-04,2023-04-10/2023-04-16,1639.0,-1339.0,-0.6488860759493671,-1.3646405797101449
2023-04-17,25,1,1,25.0,Monday,2023-04,2023-04-17/2023-04-23,85.0,-60.0,-0.8836803797468354,0.06423809523809523
2023-04-18,500,4,9,125.0,Tuesday,2023-04,2023-04-17/2023-04-23,582.5,-82.5,-0.478126582278481,0.03910144927536231
2023-04-19,2725,6,15,454.1666666666667,Wednesday,2023-04,2023-04-17/2023-04-23,1671.25,1053.75,1.4215727848101265,1.3085020703933747
2023-04-20,3375,5,14,675.0,Thursday,2023-04,2023-04-17/2023-04-23,1591.25,1783.75,1.9765411392405063,2.124046583850932
2023-04-21,170,2,5,85.0,Friday,2023-04,2023-04-17/2023-04-23,152.5,17.5,-0.759879746835443,0.15081987577639752
2023-04-22,225,3,9,75.0,Saturday,2023-04,2023-04-17/2023-04-23,1947.0,-1722.0,-0.7129208860759494,-1.7925221532091096
2023-04-23,2905,7,15,415.0,Sunday,2023-04,2023-04-17/2023-04-23,1639.0,1266.0,1.5752563291139239,1.5456244306418219
2023-04-24,170,2,6,85.0,Monday,2023-04,2023-04-24/2023-04-30,85.0,85.0,-0.759879746835443,0.2262298136645963
2023-04-25,160,3,4,53.333333333333336,Tuesday,2023-04,2023-04-24/2023-04-30,582.5,-422.5,-0.7684177215189872,-0.34074120082815734
2023-04-26,270,3,9,90.0,Wednesday,2023-04,2023-04-24/2023-04-30,1671.25,-1401.25,-0.6745,-1.4341853002070393
2023-04-27,1430,3,9,476.6666666666667,Thursday,2023-04,2023-04-24/2023-04-30,1591.25,-161.25,0.31590506329113927,-0.048876811594202894
2023-04-28,135,3,5,45.0,Friday,2023-04,2023-04-24/2023-04-30,152.5,-17.5,-0.7897626582278481,0.1117184265010352
2023-04-29,1960,3,7,653.3333333333334,Saturday,2023-04,2023-04-24/2023-04-30,1947.0,13.0,0.7684177215189872,0.14579254658385093
2023-04-30,155,3,6,51.666666666666664,Sunday,2023-04,2023-04-24/2023-04-30,1639.0,-1484.0,-0.7726867088607595,-1.526632298136646
2023-05-01,625,3,4,208.33333333333334,Monday,2023-05,2023-05-01/2023-05-07,1903.0,-1278.0,-0.37140189873417717,-1.2964923395445134
2023-05-02,165,3,5,55.0,Tuesday,2023-05,2023-05-01/2023-05-07,3336.0,-3171.0,-0.7641487341772152,-3.41132215320911
2023-05-03,300,5,11,60.0,Wednesday,2023-05,2023-05-01/2023-05-07,1580.0,-1280.0,-0.6488860759493671,-1.298726708074534
2023-05-04,1140,3,7,380.0,Thursday,2023-05,2023-05-01/2023-05-07,1080.0,60.0,0.06830379746835444,0.19830020703933746
2023-05-05,1520,5,9,304.0,Friday,2023-05,2023-05-01/2023-05-07,1247.5,272.5,0.39274683544303796,0.43570186335403727
2023-05-06,990,5,11,198.0,Saturday,2023-05,2023-05-01/2023-05-07,1178.75,-188.75,-0.05976582278481012,-0.07959937888198758
2023-05-07,995,5,12,199.0,Sunday,2023-05,2023-05-01/2023-05-07,1257.5,-262.5,-0.055496835443037976,-0.16199171842650104
2023-05-08,4200,6,15,700.0,Monday,2023-05,2023-05-08/2023-05-14,1903.0,2297.0,2.6809240506329113,2.697441407867495
2023-05-09,660,3,7,220.0,Tuesday,2023-05,2023-05-08/2023-05-14,3336.0,-2676.0,-0.34151898734177216,-2.858315942028985
2023-05-10,2200,2,8,1100.0,Wednesday,2023-05,2023-05-08/2023-05-14,1580.0,620.0,0.9733291139240505,0.8239233954451345
2023-05-11,30,1,1,30.0,Thursday,2023-05,2023-05-08/2023-05-14,1080.0,-1050.0,-0.8794113924050633,-1.0417743271221531
2023-05-12,100,1,4,100.0,Friday,2023-05,2023-05-08/2023-05-14,1247.5,-1147.5,-0.8196455696202531,-1.1506997929606626
2023-05-13,800,2,6,400.0,Saturday,2023-05,2023-05-08/2023-05-14,1178.75,-378.75,-0.2219873417721519,-0.2918643892339544
2023-05-14,1060,3,4,353.3333333333333,Sunday,2023-05,2023-05-08/2023-05-14,1257.5,-197.5,0.0,-0.08937474120082815
2023-05-15,1680,3,9,560.0,Monday,2023-05,2023-05-15/2023-05-21,1903.0,-223.0,0.5293544303797468,-0.11786293995859214
2023-05-16,7260,11,26,660.0,Tuesday,2023-05,2023-05-15/2023-05-21,3336.0,3924.0,5.293544303797468,4.515100207039338
2023-05-17,3050,3,7,1016.6666666666666,Wednesday,2023-05,2023-05-15/2023-05-21,1580.0,1470.0,1.6990569620253162,1.7735300207039337
2023-05-18,550,2,2,275.0,Thursday,2023-05,2023-05-15/2023-05-21,1080.0,-530.0,-0.4354367088607595,-0.4608385093167702
2023-05-19,1350,3,5,450.0,Friday,2023-05,2023-05-15/2023-05-21,1247.5,102.5,0.2476012658227848,0.24578053830227742
2023-05-20,725,3,7,241.66666666666666,Saturday,2023-05,2023-05-15/2023-05-21,1178.75,-453.75,-0.2860221518987342,-0.3756532091097308
2023-05-21,2900,3,7,966.6666666666666,Sunday,2023-05,2023-05-15/2023-05-21,1257.5,1642.5,1.5709873417721518,1.9662443064182193
2023-05-22,1810,4,14,452.5,Monday,2023-05,2023-05-22/2023-05-28,1903.0,-93.0,0.6403481012658228,0.02737101449275362
2023-05-23,8455,9,29,939.4444444444445,Tuesday,2023-05,2023-05-22/2023-05-28,3336.0,5119.0,6.313832278481012,5.850135403726708
2023-05-24,50,1,2,50.0,Wednesday,2023-05,2023-05-22/2023-05-28,1580.0,-1530.0,-0.8623354430379747,-1.578022774327122
2023-05-25,2600,3,6,866.6666666666666,Thursday,2023-05,2023-05-22/2023-05-28,1080.0,1520.0,1.3148481012658229,1.8293892339544515
2023-05-26,2020,3,9,673.3333333333334,Friday,2023-05,2023-05-22/2023-05-28,1247.5,772.5,0.8196455696202531,0.9942939958592132
2023-05-27,2200,3,9,733.3333333333334,Saturday,2023-05,2023-05-22/2023-05-28,1178.75,1021.25,0.9733291139240505,1.2721935817805383
2023-05-28,75,1,3,75.0,Sunday,2023-05,2023-05-22/2023-05-28,1257.5,-1182.5,-0.8409905063291139,-1.189801242236025
2023-05-29,1200,1,4,1200.0,Monday,2023-05,2023-05-29/2023-06-04,1903.0,-703.0,0.11953164556962025,-0.654111387163561
2023-05-30,140,2,5,70.0,Tuesday,2023-05,2023-05-29/2023-06-04,3336.0,-3196.0,-0.7854936708860759,-3.4392517598343684
2023-05-31,2300,3,11,766.6666666666666,Wednesday,2023-05,2023-05-29/2023-06-04,1580.0,720.0,1.0587088607594937,0.9356418219461697
2023-06-01,160,3,5,53.333333333333336,Thursday,2023-06,2023-05-29/2023-06-04,1090.0,-930.0,-0.7684177215189872,-0.907712215320911
2023-06-02,150,3,6,50.0,Friday,2023-06,2023-05-29/2023-06-04,680.0,-530.0,-0.7769556962025316,-0.4608385093167702
2023-06-03,1025,3,3,341.6666666666667,Saturday,2023-06,2023-05-29/2023-06-04,2861.25,-1836.25,-0.02988291139240506,-1.9201604554865424
2023-06-04,1030,4,6,257.5,Sunday,2023-06,2023-05-29/2023-06-04,1532.5,-502.5,-0.02561392405063291,-0.4301159420289855
2023-06-05,100,2,3,50.0,Monday,2023-06,2023-06-05/2023-06-11,1306.25,-1206.25,-0.8196455696202531,-1.2163343685300205
2023-06-06,1950,4,11,487.5,Tuesday,2023-06,2023-06-05/2023-06-11,885.0,1065.0,0.759879746835443,1.3210703933747412
2023-06-07,150,2,3,75.0,Wednesday,2023-06,2023-06-05/2023-06-11,381.25,-231.25,-0.7769556962025316,-0.12707971014492753
2023-06-08,1700,2,5,850.0,Thursday,2023-06,2023-06-05/2023-06-11,1090.0,610.0,0.5464303797468355,0.8127515527950311
2023-06-09,1820,3,11,606.6666666666666,Friday,2023-06,2023-06-05/2023-06-11,680.0,1140.0,0.6488860759493671,1.4048592132505175
2023-06-10,2750,4,11,687.5,Saturday,2023-06,2023-06-05/2023-06-11,2861.25,-111.25,1.4429177215189872,0.0069824016563147
2023-06-11,3300,5,12,660.0,Sunday,2023-06,2023-06-05/2023-06-11,1532.5,1767.5,1.912506329113924,2.1058923395445133
2023-06-12,50,1,2,50.0,Monday,2023-06,2023-06-12/2023-06-18,1306.25,-1256.25,-0.8623354430379747,-1.2721935817805383
2023-06-13,500,1,1,500.0,Tuesday,2023-06,2023-06-12/2023-06-18,885.0,-385.0,-0.478126582278481,-0.29884679089026916
2023-06-14,900,1,3,900.0,Wednesday,2023-06,2023-06-12/2023-06-18,381.25,518.75,-0.13660759493670888,0.7108084886128364
2023-06-15,220,2,6,110.0,Thursday,2023-06,2023-06-12/2023-06-18,1090.0,-870.0,-0.7171898734177216,-0.8406811594202898
2023-06-16,230,2,5,115.0,Friday,2023-06,2023-06-12/2023-06-18,680.0,-450.0,-0.7086518987341772,-0.37146376811594206
2023-06-17,1450,3,9,483.3333333333333,Saturday,2023-06,2023-06-12/2023-06-18,2861.25,-1411.25,0.3329810126582279,-1.4453571428571428
2023-06-18,900,1,3,900.0,Sunday,2023-06,2023-06-12/2023-06-18,1532.5,-632.5,-0.13660759493670888,-0.5753498964803313
2023-06-19,2945,5,16,589.0,Monday,2023-06,2023-06-19/2023-06-25,1306.25,1638.75,1.6094082278481012,1.9620548654244307
2023-06-20,190,2,7,95.0,Tuesday,2023-06,2023-06-19/2023-06-25,885.0,-695.0,-0.7428037974683543,-0.6451739130434783
2023-06-21,175,2,7,87.5,Wednesday,2023-06,2023-06-19/2023-06-25,381.25,-206.25,-0.7556107594936708,-0.09915010351966873
2023-06-22,1220,4,11,305.0,Thursday,2023-06,2023-06-19/2023-06-25,1090.0,130.0,0.13660759493670888,0.27650310559006214
2023-06-23,170,2,5,85.0,Friday,2023-06,2023-06-19/2023-06-25,680.0,-510.0,-0.759879746835443,-0.4384948240165631
2023-06-24,6220,5,19,1244.0,Saturday,2023-06,2023-06-19/2023-06-25,2861.25,3358.75,4.4055949367088605,3.8836118012422363
2023-06-25,900,1,3,900.0,Sunday,2023-06,2023-06-19/2023-06-25,1532.5,-632.5,-0.13660759493670888,-0.5753498964803313
2023-06-26,2130,3,8,710.0,Monday,2023-06,2023-06-26/2023-07-02,1306.25,823.75,0.9135632911392405,1.0515496894409937
2023-06-27,900,1,3,900.0,Tuesday,2023-06,2023-06-26/2023-07-02,885.0,15.0,-0.13660759493670888,0.14802691511387164
2023-06-28,300,1,1,300.0,Wednesday,2023-06,2023-06-26/2023-07-02,381.25,-81.25,-0.6488860759493671,0.04049792960662526
2023-06-29,2150,3,9,716.6666666666666,Thursday,2023-06,2023-06-26/2023-07-02,1090.0,1060.0,0.9306392405063292,1.3154844720496894
2023-06-30,1030,2,3,515.0,Friday,2023-06,2023-06-26/2023-07-02,680.0,350.0,-0.02561392405063291,0.5222836438923396
2023-07-01,1750,4,12,437.5,Saturday,2023-07,2023-06-26/2023-07-02,1139.0,611.0,0.589120253164557,0.8138687370600414
2023-07-03,230,2,5,115.0,Monday,2023-07,2023-07-03/2023-07-09,1822.5,-1592.5,-0.7086518987341772,-1.647846790890269
2023-07-04,500,1,1,500.0,Tuesday,2023-07,2023-07-03/2023-07-09,900.0,-400.0,-0.478126582278481,-0.3156045548654244
2023-07-05,780,4,7,195.0,Wednesday,2023-07,2023-07-03/2023-07-09,967.5,-187.5,-0.2390632911392405,-0.07820289855072463
2023-07-06,2260,3,10,753.3333333333334,Thursday,2023-07,2023-07-03/2023-07-09,1183.3333333333333,1076.6666666666667,1.0245569620253163,1.3341042097998619
2023-07-08,220,2,6,110.0,Saturday,2023-07,2023-07-03/2023-07-09,1139.0,-919.0,-0.7171898734177216,-0.8954231884057972
2023-07-09,325,4,10,81.25,Sunday,2023-07,2023-07-03/2023-07-09,696.25,-371.25,-0.6275411392405064,-0.2834855072463768
2023-07-11,200,2,4,100.0,Tuesday,2023-07,2023-07-10/2023-07-16,900.0,-700.0,-0.73426582278481,-0.65075983436853
2023-07-12,30,1,1,30.0,Wednesday,2023-07,2023-07-10/2023-07-16,967.5,-937.5,-0.8794113924050633,-0.9160910973084887
2023-07-13,100,1,2,100.0,Thursday,2023-07,2023-07-10/2023-07-16,1183.3333333333333,-1083.3333333333333,-0.8196455696202531,-1.0790138026224982
2023-07-14,5125,10,26,512.5,Friday,2023-07,2023-07-10/2023-07-16,3191.6666666666665,1933.3333333333335,3.470686708860759,2.29115873015873
2023-07-15,3000,2,6,1500.0,Saturday,2023-07,2023-07-10/2023-07-16,1139.0,1861.0,1.656367088607595,2.210349068322981
2023-07-16,190,2,7,95.0,Sunday,2023-07,2023-07-10/2023-07-16,696.25,-506.25,-0.7428037974683543,-0.4343053830227744
2023-07-17,950,2,4,475.0,Monday,2023-07,2023-07-17/2023-07-23,1822.5,-872.5,-0.09391772151898733,-0.8434741200828157
2023-07-19,2060,4,10,515.0,Wednesday,2023-07,2023-07-17/2023-07-23,967.5,1092.5,0.8537974683544304,1.3517929606625259
2023-07-21,1000,1,2,1000.0,Friday,2023-07,2023-07-17/2023-07-23,3191.6666666666665,-2191.6666666666665,-0.05122784810126582,-2.3172263630089716
2023-07-22,150,2,5,75.0,Saturday,2023-07,2023-07-17/2023-07-23,1139.0,-989.0,-0.7769556962025316,-0.9736260869565216
2023-07-23,2000,1,4,2000.0,Sunday,2023-07,2023-07-17/2023-07-23,696.25,1303.75,0.8025696202531645,1.5877981366459626
2023-07-24,4610,5,13,922.0,Monday,2023-07,2023-07-24/2023-07-30,1822.5,2787.5,3.030981012658228,3.245420289855072
2023-07-25,2000,3,4,666.6666666666666,Tuesday,2023-07,2023-07-24/2023-07-30,900.0,1100.0,0.8025696202531645,1.3601718426501035
2023-07-26,1000,3,5,333.3333333333333,Wednesday,2023-07,2023-07-24/2023-07-30,967.5,32.5,-0.05122784810126582,0.1675776397515528
2023-07-27,1190,3,6,396.6666666666667,Thursday,2023-07,2023-07-24/2023-07-30,1183.3333333333333,6.6666666666667425,0.11099367088607595,0.13871704623878547
2023-07-28,3450,5,12,690.0,Friday,2023-07,2023-07-24/2023-07-30,3191.6666666666665,258.3333333333335,2.0405759493670885,0.41987508626639075
2023-07-29,575,2,4,287.5,Saturday,2023-07,2023-07-24/2023-07-30,1139.0,-564.0,-0.41409177215189874,-0.49882277432712213
2023-07-30,270,2,7,135.0,Sunday,2023-07,2023-07-24/2023-07-30,696.25,-426.25,-0.6745,-0.34493064182194616
2023-07-31,1500,1,3,1500.0,Monday,2023-07,2023-07-31/2023-08-06,1822.5,-322.5,0.37567088607594934,-0.22902277432712217
2023-08-01,720,3,7,240.0,Tuesday,2023-08,2023-07-31/2023-08-06,1396.0,-676.0,-0.2902911392405063,-0.6239474120082816
2023-08-02,50,1,2,50.0,Wednesday,2023-08,2023-07-31/2023-08-06,930.0,-880.0,-0.8623354430379747,-0.8518530020703934
2023-08-03,375,3,4,125.0,Thursday,2023-08,2023-07-31/2023-08-06,1028.0,-653.0,-0.5848512658227848,-0.5982521739130435
2023-08-04,260,4,7,65.0,Friday,2023-08,2023-07-31/2023-08-06,796.25,-536.25,-0.6830379746835443,-0.46782091097308487
2023-08-05,5205,8,17,650.625,Saturday,2023-08,2023-07-31/2023-08-06,2422.5,2782.5,3.538990506329114,3.239834368530021
2023-08-06,2500,2,5,1250.0,Sunday,2023-08,2023-07-31/2023-08-06,1253.75,1246.25,1.2294683544303797,1.5235600414078676
2023-08-07,1020,2,7,510.0,Monday,2023-08,2023-08-07/2023-08-13,1040.0,-20.0,-0.03415189873417722,0.10892546583850932
2023-08-08,1385,4,9,346.25,Tuesday,2023-08,2023-08-07/2023-08-13,1396.0,-11.0,0.27748417721518986,0.11898012422360248
2023-08-09,1010,4,11,252.5,Wednesday,2023-08,2023-08-07/2023-08-13,930.0,80.0,-0.04268987341772152,0.2206438923395445
2023-08-10,200,1,4,200.0,Thursday,2023-08,2023-08-07/2023-08-13,1028.0,-828.0,-0.73426582278481,-0.793759420289855
2023-08-11,900,3,8,300.0,Friday,2023-08,2023-08-07/2023-08-13,796.25,103.75,-0.13660759493670888,0.24717701863354039
2023-08-12,1370,4,11,342.5,Saturday,2023-08,2023-08-07/2023-08-13,2422.5,-1052.5,0.2646772151898734,-1.0445672877846792
2023-08-13,700,2,5,350.0,Sunday,2023-08,2023-08-07/2023-08-13,1253.75,-553.75,-0.30736708860759493,-0.4873716356107661
2023-08-14,1230,2,5,615.0,Monday,2023-08,2023-08-14/2023-08-20,1040.0,190.0,0.14514556962025316,0.3435341614906832
2023-08-15,970,6,13,161.66666666666666,Tuesday,2023-08,2023-08-14/2023-08-20,1396.0,-426.0,-0.07684177215189873,-0.34465134575569356
2023-08-17,900,1,3,900.0,Thursday,2023-08,2023-08-14/2023-08-20,1028.0,-128.0,-0.13660759493670888,-0.011730434782608696
2023-08-18,1630,3,8,543.3333333333334,Friday,2023-08,2023-08-14/2023-08-20,796.25,833.75,0.48666455696202526,1.0627215320910972
2023-08-19,2160,4,8,540.0,Saturday,2023-08,2023-08-14/2023-08-20,2422.5,-262.5,0.9391772151898733,-0.16199171842650104
2023-08-20,90,1,3,90.0,Sunday,2023-08,2023-08-14/2023-08-20,1253.75,-1163.75,-0.8281835443037975,-1.1688540372670806
2023-08-21,1560,6,11,260.0,Monday,2023-08,2023-08-21/2023-08-27,1040.0,520.0,0.4268987341772152,0.7122049689440993
2023-08-22,1275,2,7,637.5,Tuesday,2023-08,2023-08-21/2023-08-27,1396.0,-121.0,0.1835664556962025,-0.003910144927536232
2023-08-23,1730,3,6,576.6666666666666,Wednesday,2023-08,2023-08-21/2023-08-27,930.0,800.0,0.5720443037974684,1.0250165631469978
2023-08-24,1305,3,8,435.0,Thursday,2023-08,2023-08-21/2023-08-27,1028.0,277.0,0.20918037974683543,0.4407291925465838
2023-08-25,395,3,11,131.66666666666666,Friday,2023-08,2023-08-21/2023-08-27,796.25,-401.25,-0.5677753164556962,-0.3170010351966874
2023-08-26,955,3,5,318.3333333333333,Saturday,2023-08,2023-08-21/2023-08-27,2422.5,-1467.5,-0.0896487341772152,-1.508198757763975
2023-08-27,1725,4,11,431.25,Sunday,2023-08,2023-08-21/2023-08-27,1253.75,471.25,0.5677753164556962,0.6577422360248447
2023-08-28,350,3,9,116.66666666666667,Monday,2023-08,2023-08-28/2023-09-03,1040.0,-690.0,-0.6061962025316455,-0.6395879917184265
2023-08-29,2630,4,8,657.5,Tuesday,2023-08,2023-08-28/2023-09-03,1396.0,1234.0,1.3404620253164556,1.5098745341614905
2023-08-31,2360,5,14,472.0,Thursday,2023-08,2023-08-28/2023-09-03,1028.0,1332.0,1.1099367088607595,1.619358592132505
2023-09-01,1375,4,8,343.75,Friday,2023-09,2023-08-28/2023-09-03,1053.0,322.0,0.2689462025316456,0.4910024844720497
2023-09-02,1370,3,10,456.6666666666667,Saturday,2023-09,2023-08-28/2023-09-03,1344.0,26.0,0.2646772151898734,0.16031594202898553
2023-09-03,300,1,1,300.0,Sunday,2023-09,2023-08-28/2023-09-03,397.5,-97.5,-0.6488860759493671,0.02234368530020704
2023-09-04,1000,1,2,1000.0,Monday,2023-09,2023-09-04/2023-09-10,1322.5,-322.5,-0.05122784810126582,-0.22902277432712217
2023-09-05,530,2,2,265.0,Tuesday,2023-09,2023-09-04/2023-09-10,263.3333333333333,266.6666666666667,-0.45251265822784814,0.4291849551414769
2023-09-06,1765,5,18,353.0,Wednesday,2023-09,2023-09-04/2023-09-10,907.5,857.5,0.6019272151898734,1.0892546583850933
2023-09-07,420,3,10,140.0,Thursday,2023-09,2023-09-04/2023-09-10,537.5,-117.5,-0.5464303797468355,0.0
2023-09-08,1125,4,10,281.25,Friday,2023-09,2023-09-04/2023-09-10,1053.0,72.0,0.055496835443037976,0.2117064182194617
2023-09-09,200,3,5,66.66666666666667,Saturday,2023-09,2023-09-04/2023-09-10,1344.0,-1144.0,-0.73426582278481,-1.1467896480331263
2023-09-10,200,1,4,200.0,Sunday,2023-09,2023-09-04/2023-09-10,397.5,-197.5,-0.73426582278481,-0.08937474120082815
2023-09-11,2200,2,8,1100.0,Monday,2023-09,2023-09-11/2023-09-17,1322.5,877.5,0.9733291139240505,1.1115983436853
2023-09-13,50,1,2,50.0,Wednesday,2023-09,2023-09-11/2023-09-17,907.5,-857.5,-0.8623354430379747,-0.8267163561076605
2023-09-14,1200,1,4,1200.0,Thursday,2023-09,2023-09-11/2023-09-17,537.5,662.5,0.11953164556962025,0.8714037267080745
2023-09-15,75,1,3,75.0,Friday,2023-09,2023-09-11/2023-09-17,1053.0,-978.0,-0.8409905063291139,-0.9613370600414078
2023-09-16,2150,3,10,716.6666666666666,Saturday,2023-09,2023-09-11/2023-09-17,1344.0,806.0,0.9306392405063292,1.03171966873706
2023-09-17,700,5,10,140.0,Sunday,2023-09,2023-09-11/2023-09-17,397.5,302.5,-0.30736708860759493,0.46921739130434786
2023-09-18,1000,3,10,333.3333333333333,Monday,2023-09,2023-09-18/2023-09-24,1322.5,-322.5,-0.05122784810126582,-0.22902277432712217
2023-09-19,160,2,6,80.0,Tuesday,2023-09,2023-09-18/2023-09-24,263.3333333333333,-103.33333333333331,-0.7684177215189872,0.01582677708764667
2023-09-21,105,2,4,52.5,Thursday,2023-09,2023-09-18/2023-09-24,537.5,-432.5,-0.8153765822784811,-0.35191304347826086
2023-09-22,140,2,4,70.0,Friday,2023-09,2023-09-18/2023-09-24,1053.0,-913.0,-0.7854936708860759,-0.888720082815735
2023-09-23,100,1,2,100.0,Saturday,2023-09,2023-09-18/2023-09-24,1344.0,-1244.0,-0.8196455696202531,-1.2585080745341615
2023-09-24,390,2,4,195.0,Sunday,2023-09,2023-09-18/2023-09-24,397.5,-7.5,-0.5720443037974684,0.12289026915113871
2023-09-25,1090,3,8,363.3333333333333,Monday,2023-09,2023-09-25/2023-10-01,1322.5,-232.5,0.02561392405063291,-0.12847619047619047
2023-09-26,100,1,2,100.0,Tuesday,2023-09,2023-09-25/2023-10-01,263.3333333333333,-163.33333333333331,-0.8196455696202531,-0.051204278812974444
2023-09-28,425,3,4,141.66666666666666,Thursday,2023-09,2023-09-25/2023-10-01,537.5,-112.5,-0.5421613924050633,0.00558592132505176
2023-09-29,2550,4,12,637.5,Friday,2023-09,2023-09-25/2023-10-01,1053.0,1497.0,1.2721582278481012,1.8036939958592133
2023-09-30,2900,2,7,1450.0,Saturday,2023-09,2023-09-25/2023-10-01,1344.0,1556.0,1.5709873417721518,1.869607867494824
2023-10-01,2800,3,6,933.3333333333334,Sunday,2023-10,2023-09-25/2023-10-01,1905.0,895.0,1.4856075949367087,1.1311490683229812
2023-10-02,1245,5,15,249.0,Monday,2023-10,2023-10-02/2023-10-08,1035.0,210.0,0.15795253164556963,0.3658778467908903
2023-10-03,2170,5,17,434.0,Tuesday,2023-10,2023-10-02/2023-10-08,1691.0,479.0,0.9477151898734176,0.6664004140786749
2023-10-04,3010,6,17,501.6666666666667,Wednesday,2023-10,2023-10-02/2023-10-08,2696.25,313.75,1.6649050632911393,0.4817857142857143
2023-10-05,530,2,2,265.0,Thursday,2023-10,2023-10-02/2023-10-08,901.25,-371.25,-0.45251265822784814,-0.2834855072463768
2023-10-06,1500,1,3,1500.0,Friday,2023-10,2023-10-02/2023-10-08,1593.75,-93.75,0.37567088607594934,0.02653312629399586
2023-10-07,2500,4,12,625.0,Saturday,2023-10,2023-10-02/2023-10-08,886.6666666666666,1613.3333333333335,1.2294683544303797,1.9336597653554177
2023-10-08,2025,2,5,1012.5,Sunday,2023-10,2023-10-02/2023-10-08,1905.0,120.0,0.8239145569620253,0.26533126293995857
2023-10-09,195,3,7,65.0,Monday,2023-10,2023-10-09/2023-10-15,1035.0,-840.0,-0.7385348101265823,-0.8071656314699793
2023-10-10,2120,4,14,530.0,Tuesday,2023-10,2023-10-09/2023-10-15,1691.0,429.0,0.9050253164556963,0.6105412008281573
2023-10-11,2250,7,16,321.42857142857144,Wednesday,2023-10,2023-10-09/2023-10-15,2696.25,-446.25,1.0160189873417722,-0.3672743271221532
2023-10-12,475,3,5,158.33333333333334,Thursday,2023-10,2023-10-09/2023-10-15,901.25,-426.25,-0.49947151898734177,-0.34493064182194616
2023-10-13,1175,3,9,391.6666666666667,Friday,2023-10,2023-10-09/2023-10-15,1593.75,-418.75,0.09818670886075949,-0.3365517598343685
2023-10-14,110,2,3,55.0,Saturday,2023-10,2023-10-09/2023-10-15,886.6666666666666,-776.6666666666666,-0.8111075949367088,-0.7364106280193237
2023-10-15,1500,3,10,500.0,Sunday,2023-10,2023-10-09/2023-10-15,1905.0,-405.0,0.37567088607594934,-0.3211904761904762
2023-10-16,2860,4,13,715.0,Monday,2023-10,2023-10-16/2023-10-22,1035.0,1825.0,1.5368354430379745,2.1701304347826085
2023-10-17,175,2,7,87.5,Tuesday,2023-10,2023-10-16/2023-10-22,1691.0,-1516.0,-0.7556107594936708,-1.5623821946169771
2023-10-18,2025,2,5,1012.5,Wednesday,2023-10,2023-10-16/2023-10-22,2696.25,-671.25,0.8239145569620253,-0.6186407867494824
2023-10-19,1860,4,8,465.0,Thursday,2023-10,2023-10-16/2023-10-22,901.25,958.75,0.6830379746835443,1.2023695652173911
2023-10-20,50,1,1,50.0,Friday,2023-10,2023-10-16/2023-10-22,1593.75,-1543.75,-0.8623354430379747,-1.5933840579710146
2023-10-21,50,1,1,50.0,Saturday,2023-10,2023-10-16/2023-10-22,886.6666666666666,-836.6666666666666,-0.8623354430379747,-0.8034416839199447
2023-10-22,1950,3,6,650.0,Sunday,2023-10,2023-10-16/2023-10-22,1905.0,45.0,0.759879746835443,0.1815424430641822
2023-10-23,800,4,9,200.0,Monday,2023-10,2023-10-23/2023-10-29,1035.0,-235.0,-0.2219873417721519,-0.13126915113871634
2023-10-24,2200,4,10,550.0,Tuesday,2023-10,2023-10-23/2023-10-29,1691.0,509.0,0.9733291139240505,0.6999159420289855
2023-10-25,3500,2,7,1750.0,Wednesday,2023-10,2023-10-23/2023-10-29,2696.25,803.75,2.08326582278481,1.0292060041407867
2023-10-26,740,3,6,246.66666666666666,Thursday,2023-10,2023-10-23/2023-10-29,901.25,-161.25,-0.27321518987341775,-0.048876811594202894
2023-10-27,3650,3,10,1216.6666666666667,Friday,2023-10,2023-10-23/2023-10-29,1593.75,2056.25,2.211335443037975,2.4284792960662527
2023-10-29,1250,6,15,208.33333333333334,Sunday,2023-10,2023-10-23/2023-10-29,1905.0,-655.0,0.16222151898734177,-0.6004865424430642
2023-10-30,75,1,3,75.0,Monday,2023-10,2023-10-30/2023-11-05,1035.0,-960.0,-0.8409905063291139,-0.9412277432712216
2023-10-31,1790,3,10,596.6666666666666,Tuesday,2023-10,2023-10-30/2023-11-05,1691.0,99.0,0.6232721518987342,0.24187039337474117
2023-11-01,1450,4,10,362.5,Wednesday,2023-11,2023-10-30/2023-11-05,1463.0,-13.0,0.3329810126582279,0.11674575569358177
2023-11-02,1915,6,16,319.1666666666667,Thursday,2023-11,2023-10-30/2023-11-05,1713.0,202.0,0.729996835443038,0.3569403726708074
2023-11-03,1200,1,4,1200.0,Friday,2023-11,2023-10-30/2023-11-05,1258.75,-58.75,0.11953164556962025,0.06563457556935817
2023-11-04,500,1,1,500.0,Saturday,2023-11,2023-10-30/2023-11-05,593.3333333333334,-93.33333333333337,-0.478126582278481,0.026998619737750133
2023-11-05,1800,2,6,900.0,Sunday,2023-11,2023-10-30/2023-11-05,981.25,818.75,0.6318101265822785,1.0459637681159422
2023-11-06,2700,2,7,1350.0,Monday,2023-11,2023-11-06/2023-11-12,1052.5,1647.5,1.400227848101266,1.9718302277432713
2023-11-07,1560,6,10,260.0,Tuesday,2023-11,2023-11-06/2023-11-12,1022.5,537.5,0.4268987341772152,0.7317556935817806
2023-11-08,210,2,7,105.0,Wednesday,2023-11,2023-11-06/2023-11-12,1463.0,-1253.0,-0.7257278481012659,-1.2685627329192546
2023-11-09,3100,3,11,1033.3333333333333,Thursday,2023-11,2023-11-06/2023-11-12,1713.0,1387.0,1.741746835443038,1.6808037267080747
2023-11-10,115,2,4,57.5,Friday,2023-11,2023-11-06/2023-11-12,1258.75,-1143.75,-0.8068386075949368,-1.1465103519668736
2023-11-12,225,2,6,112.5,Sunday,2023-11,2023-11-06/2023-11-12,981.25,-756.25,-0.7129208860759494,-0.7136014492753624
2023-11-13,1225,2,5,612.5,Monday,2023-11,2023-11-13/2023-11-19,1052.5,172.5,0.14087658227848102,0.32398343685300207
2023-11-14,1080,4,9,270.0,Tuesday,2023-11,2023-11-13/2023-11-19,1022.5,57.5,0.01707594936708861,0.19550724637681158
2023-11-15,1630,3,8,543.3333333333334,Wednesday,2023-11,2023-11-13/2023-11-19,1463.0,167.0,0.48666455696202526,0.3178389233954451
2023-11-16,1500,1,3,1500.0,Thursday,2023-11,2023-11-13/2023-11-19,1713.0,-213.0,0.37567088607594934,-0.10669109730848861
2023-11-17,2610,4,13,652.5,Friday,2023-11,2023-11-13/2023-11-19,1258.75,1351.25,1.323386075949367,1.6408643892339545
2023-11-18,1130,3,7,376.6666666666667,Saturday,2023-11,2023-11-13/2023-11-19,593.3333333333334,536.6666666666666,0.05976582278481012,0.7308247066942719
2023-11-19,300,2,6,150.0,Sunday,2023-11,2023-11-13/2023-11-19,981.25,-681.25,-0.6488860759493671,-0.6298126293995859
2023-11-20,50,1,2,50.0,Monday,2023-11,2023-11-20/2023-11-26,1052.5,-1002.5,-0.8623354430379747,-0.9887080745341615
2023-11-21,1060,3,7,353.3333333333333,Tuesday,2023-11,2023-11-20/2023-11-26,1022.5,37.5,0.0,0.17316356107660455
2023-11-22,2200,3,10,733.3333333333334,Wednesday,2023-11,2023-11-20/2023-11-26,1463.0,737.0,0.9733291139240505,0.9546339544513457
2023-11-23,1590,3,8,530.0,Thursday,2023-11,2023-11-20/2023-11-26,1713.0,-123.0,0.45251265822784814,-0.006144513457556936
2023-11-24,1110,3,8,370.0,Friday,2023-11,2023-11-20/2023-11-26,1258.75,-148.75,0.04268987341772152,-0.0349120082815735
2023-11-25,150,2,6,75.0,Saturday,2023-11,2023-11-20/2023-11-26,593.3333333333334,-443.33333333333337,-0.7769556962025316,-0.36401587301587307
2023-11-26,1600,2,7,800.0,Sunday,2023-11,2023-11-20/2023-11-26,981.25,618.75,0.4610506329113924,0.8225269151138715
2023-11-27,235,3,8,78.33333333333333,Monday,2023-11,2023-11-27/2023-12-03,1052.5,-817.5,-0.704382911392405,-0.7820289855072463
2023-11-28,390,2,4,195.0,Tuesday,2023-11,2023-11-27/2023-12-03,1022.5,-632.5,-0.5720443037974684,-0.5753498964803313
2023-11-29,1825,3,5,608.3333333333334,Wednesday,2023-11,2023-11-27/2023-12-03,1463.0,362.0,0.6531550632911391,0.5356898550724638
2023-11-30,460,3,7,153.33333333333334,Thursday,2023-11,2023-11-27/2023-12-03,1713.0,-1253.0,-0.5122784810126582,-1.2685627329192546
2023-12-01,110,2,4,55.0,Friday,2023-12,2023-11-27/2023-12-03,1872.0,-1762.0,-0.8111075949367088,-1.8372095238095238
2023-12-02,3030,3,7,1010.0,Saturday,2023-12,2023-11-27/2023-12-03,2483.75,546.25,1.6819810126582277,0.7415310559006211
2023-12-03,600,1,2,600.0,Sunday,2023-12,2023-11-27/2023-12-03,754.0,-154.0,-0.39274683544303796,-0.04077722567287785
2023-12-04,1730,4,8,432.5,Monday,2023-12,2023-12-04/2023-12-10,1532.5,197.5,0.5720443037974684,0.35191304347826086
2023-12-05,2475,5,16,495.0,Tuesday,2023-12,2023-12-04/2023-12-10,1336.25,1138.75,1.208123417721519,1.4034627329192546
2023-12-06,2940,5,11,588.0,Wednesday,2023-12,2023-12-04/2023-12-10,1428.75,1511.25,1.605139240506329,1.819613871635611
2023-12-07,1400,2,4,700.0,Thursday,2023-12,2023-12-04/2023-12-10,1108.75,291.25,0.2902911392405063,0.4566490683229813
2023-12-08,2800,4,8,700.0,Friday,2023-12,2023-12-04/2023-12-10,1872.0,928.0,1.4856075949367087,1.168016149068323
2023-12-09,3925,6,14,654.1666666666666,Saturday,2023-12,2023-12-04/2023-12-10,2483.75,1441.25,2.446129746835443,1.741410973084886
2023-12-10,1420,4,10,355.0,Sunday,2023-12,2023-12-04/2023-12-10,754.0,666.0,0.30736708860759493,0.8753138716356107
2023-12-11,950,2,4,475.0,Monday,2023-12,2023-12-11/2023-12-17,1532.5,-582.5,-0.09391772151898733,-0.5194906832298136
2023-12-12,200,2,4,100.0,Tuesday,2023-12,2023-12-11/2023-12-17,1336.25,-1136.25,-0.73426582278481,-1.1381314699792962
2023-12-13,725,3,7,241.66666666666666,Wednesday,2023-12,2023-12-11/2023-12-17,1428.75,-703.75,-0.2860221518987342,-0.6549492753623188
2023-12-14,660,2,4,330.0,Thursday,2023-12,2023-12-11/2023-12-17,1108.75,-448.75,-0.34151898734177216,-0.37006728778467907
2023-12-15,2050,2,5,1025.0,Friday,2023-12,2023-12-11/2023-12-17,1872.0,178.0,0.845259493670886,0.330127950310559
2023-12-16,1130,3,5,376.6666666666667,Saturday,2023-12,2023-12-11/2023-12-17,2483.75,-1353.75,0.05976582278481012,-1.3811190476190476
2023-12-17,1500,2,5,750.0,Sunday,2023-12,2023-12-11/2023-12-17,754.0,746.0,0.37567088607594934,0.9646886128364389
2023-12-18,2250,4,8,562.5,Monday,2023-12,2023-12-18/2023-12-24,1532.5,717.5,1.0160189873417722,0.9328488612836439
2023-12-19,790,3,7,263.3333333333333,Tuesday,2023-12,2023-12-18/2023-12-24,1336.25,-546.25,-0.2305253164556962,-0.4789927536231884
2023-12-20,1350,5,13,270.0,Wednesday,2023-12,2023-12-18/2023-12-24,1428.75,-78.75,0.2476012658227848,0.04329089026915114
2023-12-21,300,1,1,300.0,Thursday,2023-12,2023-12-18/2023-12-24,1108.75,-808.75,-0.6488860759493671,-0.7722536231884058
2023-12-22,1000,1,2,1000.0,Friday,2023-12,2023-12-18/2023-12-24,1872.0,-872.0,-0.05122784810126582,-0.8429155279503106
2023-12-23,1850,6,11,308.3333333333333,Saturday,2023-12,2023-12-18/2023-12-24,2483.75,-633.75,0.6745,-0.5767463768115942
2023-12-24,200,2,4,100.0,Sunday,2023-12,2023-12-18/2023-12-24,754.0,-554.0,-0.73426582278481,-0.4876509316770186
2023-12-25,1200,1,4,1200.0,Monday,2023-12,2023-12-25/2023-12-31,1532.5,-332.5,0.11953164556962025,-0.24019461697722563
2023-12-26,1880,6,13,313.3333333333333,Tuesday,2023-12,2023-12-25/2023-12-31,1336.25,543.75,0.700113924050633,0.7387380952380952
2023-12-27,700,2,4,350.0,Wednesday,2023-12,2023-12-25/2023-12-31,1428.75,-728.75,-0.30736708860759493,-0.6828788819875776
2023-12-28,2075,3,7,691.6666666666666,Thursday,2023-12,2023-12-25/2023-12-31,1108.75,966.25,0.8666044303797468,1.210748447204969
2023-12-29,3400,4,13,850.0,Friday,2023-12,2023-12-25/2023-12-31,1872.0,1528.0,1.997886075949367,1.8383267080745342
2023-12-31,50,1,2,50.0,Sunday,2023-12,2023-12-25/2023-12-31,754.0,-704.0,-0.8623354430379747,-0.6552285714285714
2024-01-01,1530,2,4,765.0,Monday,2024-01,2024-01-01/2024-01-07,1377.450980392157,152.5490196078431,0.40128481012658224,0.3016945154873543
